event_id,region,start_time,end_time,reason,operator_action,source_system,record_status
CE-00001,NORTH,2025-01-11 12:00:00,2025-01-11 12:00:00,STORAGE_CONSTRAINT,DISPATCH DOWN RENEWABLE OUTPUT,DISPATCH_LOG,VALID
CE-00002,NORTH,2025-01-25 11:00:00,2025-01-25 13:00:00,STORAGE_CONSTRAINT,DISPATCH DOWN RENEWABLE OUTPUT,DISPATCH_LOG,VALID
CE-00003,NORTH,2025-02-01 11:00:00,2025-02-01 11:00:00,STORAGE_CONSTRAINT,DISPATCH DOWN RENEWABLE OUTPUT,DISPATCH_LOG,VALID
CE-00004,NORTH,2025-02-02 10:00:00,2025-02-02 10:00:00,STORAGE_CONSTRAINT,DISPATCH DOWN RENEWABLE OUTPUT,DISPATCH_LOG,VALID
CE-00005,NORTH,2025-02-02 14:00:00,2025-02-02 14:00:00,STORAGE_CONSTRAINT,DISPATCH DOWN RENEWABLE OUTPUT,DISPATCH_LOG,VALID
CE-00006,NORTH,2025-02-08 13:00:00,2025-02-08 13:00:00,STORAGE_CONSTRAINT,DISPATCH DOWN RENEWABLE OUTPUT,DISPATCH_LOG,VALID
CE-00007,NORTH,2025-02-11 12:00:00,2025-02-11 12:00:00,STORAGE_CONSTRAINT,DISPATCH DOWN RENEWABLE OUTPUT,DISPATCH_LOG,VALID
CE-00008,NORTH,2025-02-14 12:00:00,2025-02-14 12:00:00,STORAGE_CONSTRAINT,DISPATCH DOWN RENEWABLE OUTPUT,DISPATCH_LOG,VALID
CE-00009,NORTH,2025-02-15 12:00:00,2025-02-15 12:00:00,STORAGE_CONSTRAINT,DISPATCH DOWN RENEWABLE OUTPUT,DISPATCH_LOG,VALID
CE-00010,NORTH,2025-02-16 11:00:00,2025-02-16 12:00:00,STORAGE_CONSTRAINT,DISPATCH DOWN RENEWABLE OUTPUT,DISPATCH_LOG,VALID
CE-00011,NORTH,2025-02-22 08:00:00,2025-02-22 08:00:00,LOW_DEMAND_SURPLUS,DISPATCH DOWN RENEWABLE OUTPUT,DISPATCH_LOG,VALID
CE-00012,NORTH,2025-02-23 11:00:00,2025-02-23 11:00:00,STORAGE_CONSTRAINT,DISPATCH DOWN RENEWABLE OUTPUT,DISPATCH_LOG,VALID
CE-00013,NORTH,2025-03-01 11:00:00,2025-03-01 13:00:00,STORAGE_CONSTRAINT,DISPATCH DOWN RENEWABLE OUTPUT,DISPATCH_LOG,VALID
CE-00014,NORTH,2025-03-02 07:00:00,2025-03-02 07:00:00,LOW_DEMAND_SURPLUS,DISPATCH DOWN RENEWABLE OUTPUT,DISPATCH_LOG,VALID
CE-00015,NORTH,2025-03-02 11:00:00,2025-03-02 12:00:00,STORAGE_CONSTRAINT,DISPATCH DOWN RENEWABLE OUTPUT,DISPATCH_LOG,VALID
CE-00016,NORTH,2025-03-05 13:00:00,2025-03-05 13:00:00,STORAGE_CONSTRAINT,DISPATCH DOWN RENEWABLE OUTPUT,DISPATCH_LOG,VALID
CE-00017,NORTH,2025-03-11 12:00:00,2025-03-11 12:00:00,STORAGE_CONSTRAINT,DISPATCH DOWN RENEWABLE OUTPUT,DISPATCH_LOG,VALID
CE-00018,NORTH,2025-03-14 13:00:00,2025-03-14 13:00:00,STORAGE_CONSTRAINT,DISPATCH DOWN RENEWABLE OUTPUT,DISPATCH_LOG,VALID
CE-00019,NORTH,2025-03-15 11:00:00,2025-03-15 11:00:00,STORAGE_CONSTRAINT,DISPATCH DOWN RENEWABLE OUTPUT,DISPATCH_LOG,VALID
CE-00020,NORTH,2025-03-15 13:00:00,2025-03-15 13:00:00,STORAGE_CONSTRAINT,DISPATCH DOWN RENEWABLE OUTPUT,DISPATCH_LOG,VALID
CE-00021,NORTH,2025-03-15 16:00:00,2025-03-15 16:00:00,LOW_DEMAND_SURPLUS,DISPATCH DOWN RENEWABLE OUTPUT,DISPATCH_LOG,VALID
CE-00022,NORTH,2025-03-16 10:00:00,2025-03-16 10:00:00,STORAGE_CONSTRAINT,DISPATCH DOWN RENEWABLE OUTPUT,DISPATCH_LOG,VALID
CE-00023,NORTH,2025-03-16 12:00:00,2025-03-16 13:00:00,STORAGE_CONSTRAINT,DISPATCH DOWN RENEWABLE OUTPUT,DISPATCH_LOG,VALID
CE-00024,NORTH,2025-03-17 12:00:00,2025-03-17 12:00:00,STORAGE_CONSTRAINT,DISPATCH DOWN RENEWABLE OUTPUT,DISPATCH_LOG,VALID
CE-00025,NORTH,2025-03-17 14:00:00,2025-03-17 14:00:00,STORAGE_CONSTRAINT,DISPATCH DOWN RENEWABLE OUTPUT,DISPATCH_LOG,VALID
CE-00026,NORTH,2025-03-19 13:00:00,2025-03-19 13:00:00,STORAGE_CONSTRAINT,DISPATCH DOWN RENEWABLE OUTPUT,DISPATCH_LOG,VALID
CE-00027,NORTH,2025-03-22 12:00:00,2025-03-22 13:00:00,STORAGE_CONSTRAINT,DISPATCH DOWN RENEWABLE OUTPUT,DISPATCH_LOG,VALID
CE-00028,NORTH,2025-03-22 15:00:00,2025-03-22 15:00:00,STORAGE_CONSTRAINT,DISPATCH DOWN RENEWABLE OUTPUT,DISPATCH_LOG,VALID
CE-00029,NORTH,2025-03-23 10:00:00,2025-03-23 10:00:00,STORAGE_CONSTRAINT,DISPATCH DOWN RENEWABLE OUTPUT,DISPATCH_LOG,VALID
CE-00030,NORTH,2025-03-23 12:00:00,2025-03-23 12:00:00,STORAGE_CONSTRAINT,DISPATCH DOWN RENEWABLE OUTPUT,DISPATCH_LOG,VALID
CE-00031,NORTH,2025-03-25 10:00:00,2025-03-25 10:00:00,STORAGE_CONSTRAINT,DISPATCH DOWN RENEWABLE OUTPUT,DISPATCH_LOG,VALID
CE-00032,NORTH,2025-03-26 14:00:00,2025-03-26 14:00:00,STORAGE_CONSTRAINT,DISPATCH DOWN RENEWABLE OUTPUT,DISPATCH_LOG,VALID
CE-00033,NORTH,2025-03-28 13:00:00,2025-03-28 13:00:00,STORAGE_CONSTRAINT,DISPATCH DOWN RENEWABLE OUTPUT,DISPATCH_LOG,VALID
CE-00034,NORTH,2025-03-29 00:00:00,2025-03-29 00:00:00,LOW_DEMAND_SURPLUS,DISPATCH DOWN RENEWABLE OUTPUT,DISPATCH_LOG,VALID
CE-00035,NORTH,2025-03-29 11:00:00,2025-03-29 12:00:00,GRID_CONSTRAINT,DISPATCH DOWN RENEWABLE OUTPUT,DISPATCH_LOG,VALID
CE-00036,NORTH,2025-03-30 11:00:00,2025-03-30 12:00:00,STORAGE_CONSTRAINT,DISPATCH DOWN RENEWABLE OUTPUT,DISPATCH_LOG,VALID
CE-00037,NORTH,2025-03-31 11:00:00,2025-03-31 11:00:00,GRID_CONSTRAINT,DISPATCH DOWN RENEWABLE OUTPUT,DISPATCH_LOG,VALID
CE-00038,NORTH,2025-03-31 13:00:00,2025-03-31 13:00:00,GRID_CONSTRAINT,DISPATCH DOWN RENEWABLE OUTPUT,DISPATCH_LOG,VALID
CE-00039,NORTH,2025-03-31 15:00:00,2025-03-31 15:00:00,GRID_CONSTRAINT,DISPATCH DOWN RENEWABLE OUTPUT,DISPATCH_LOG,VALID
CE-00040,NORTH,2025-04-01 12:00:00,2025-04-01 12:00:00,GRID_CONSTRAINT,DISPATCH DOWN RENEWABLE OUTPUT,DISPATCH_LOG,VALID
CE-00041,NORTH,2025-04-03 14:00:00,2025-04-03 14:00:00,GRID_CONSTRAINT,DISPATCH DOWN RENEWABLE OUTPUT,DISPATCH_LOG,VALID
CE-00042,NORTH,2025-04-04 12:00:00,2025-04-04 12:00:00,GRID_CONSTRAINT,DISPATCH DOWN RENEWABLE OUTPUT,DISPATCH_LOG,VALID
CE-00043,NORTH,2025-04-05 09:00:00,2025-04-05 11:00:00,GRID_CONSTRAINT,DISPATCH DOWN RENEWABLE OUTPUT,DISPATCH_LOG,VALID
CE-00044,NORTH,2025-04-05 14:00:00,2025-04-05 14:00:00,GRID_CONSTRAINT,DISPATCH DOWN RENEWABLE OUTPUT,DISPATCH_LOG,VALID
CE-00045,NORTH,2025-04-06 11:00:00,2025-04-06 12:00:00,GRID_CONSTRAINT,DISPATCH DOWN RENEWABLE OUTPUT,DISPATCH_LOG,VALID
CE-00046,NORTH,2025-04-08 11:00:00,2025-04-08 13:00:00,GRID_CONSTRAINT,DISPATCH DOWN RENEWABLE OUTPUT,DISPATCH_LOG,VALID
CE-00047,NORTH,2025-04-08 16:00:00,2025-04-08 16:00:00,LOW_DEMAND_SURPLUS,DISPATCH DOWN RENEWABLE OUTPUT,DISPATCH_LOG,VALID
CE-00048,NORTH,2025-04-09 12:00:00,2025-04-09 12:00:00,GRID_CONSTRAINT,DISPATCH DOWN RENEWABLE OUTPUT,DISPATCH_LOG,VALID
CE-00049,NORTH,2025-04-09 14:00:00,2025-04-09 14:00:00,GRID_CONSTRAINT,DISPATCH DOWN RENEWABLE OUTPUT,DISPATCH_LOG,VALID
CE-00050,NORTH,2025-04-10 11:00:00,2025-04-10 13:00:00,GRID_CONSTRAINT,DISPATCH DOWN RENEWABLE OUTPUT,DISPATCH_LOG,VALID
CE-00051,NORTH,2025-04-11 11:00:00,2025-04-11 11:00:00,GRID_CONSTRAINT,DISPATCH DOWN RENEWABLE OUTPUT,DISPATCH_LOG,VALID
CE-00052,NORTH,2025-04-12 08:00:00,2025-04-12 08:00:00,NAN,DISPATCH DOWN RENEWABLE OUTPUT,DISPATCH_LOG,VALID
CE-00053,NORTH,2025-04-12 12:00:00,2025-04-12 14:00:00,GRID_CONSTRAINT,DISPATCH DOWN RENEWABLE OUTPUT,DISPATCH_LOG,VALID
CE-00054,NORTH,2025-04-13 11:00:00,2025-04-13 11:00:00,GRID_CONSTRAINT,DISPATCH DOWN RENEWABLE OUTPUT,DISPATCH_LOG,VALID
CE-00055,NORTH,2025-04-15 10:00:00,2025-04-15 10:00:00,GRID_CONSTRAINT,DISPATCH DOWN RENEWABLE OUTPUT,DISPATCH_LOG,VALID
CE-00056,NORTH,2025-04-15 12:00:00,2025-04-15 12:00:00,GRID_CONSTRAINT,DISPATCH DOWN RENEWABLE OUTPUT,DISPATCH_LOG,VALID
CE-00057,NORTH,2025-04-16 11:00:00,2025-04-16 11:00:00,GRID_CONSTRAINT,DISPATCH DOWN RENEWABLE OUTPUT,DISPATCH_LOG,VALID
CE-00058,NORTH,2025-04-17 12:00:00,2025-04-17 15:00:00,GRID_CONSTRAINT,DISPATCH DOWN RENEWABLE OUTPUT,DISPATCH_LOG,VALID
CE-00059,NORTH,2025-04-18 10:00:00,2025-04-18 11:00:00,NAN,DISPATCH DOWN RENEWABLE OUTPUT,DISPATCH_LOG,VALID
CE-00060,NORTH,2025-04-18 13:00:00,2025-04-18 13:00:00,GRID_CONSTRAINT,DISPATCH DOWN RENEWABLE OUTPUT,DISPATCH_LOG,VALID
CE-00061,NORTH,2025-04-18 15:00:00,2025-04-18 15:00:00,GRID_CONSTRAINT,DISPATCH DOWN RENEWABLE OUTPUT,DISPATCH_LOG,VALID
CE-00062,NORTH,2025-04-19 10:00:00,2025-04-19 15:00:00,GRID_CONSTRAINT,DISPATCH DOWN RENEWABLE OUTPUT,DISPATCH_LOG,VALID
CE-00063,NORTH,2025-04-20 10:00:00,2025-04-20 14:00:00,GRID_CONSTRAINT,DISPATCH DOWN RENEWABLE OUTPUT,DISPATCH_LOG,VALID
CE-00064,NORTH,2025-04-21 12:00:00,2025-04-21 12:00:00,GRID_CONSTRAINT,DISPATCH DOWN RENEWABLE OUTPUT,DISPATCH_LOG,VALID
CE-00065,NORTH,2025-04-22 10:00:00,2025-04-22 13:00:00,GRID_CONSTRAINT,DISPATCH DOWN RENEWABLE OUTPUT,DISPATCH_LOG,VALID
CE-00066,NORTH,2025-04-23 12:00:00,2025-04-23 12:00:00,GRID_CONSTRAINT,DISPATCH DOWN RENEWABLE OUTPUT,DISPATCH_LOG,VALID
CE-00067,NORTH,2025-04-24 13:00:00,2025-04-24 13:00:00,GRID_CONSTRAINT,DISPATCH DOWN RENEWABLE OUTPUT,DISPATCH_LOG,VALID
CE-00068,NORTH,2025-04-25 12:00:00,2025-04-25 13:00:00,GRID_CONSTRAINT,DISPATCH DOWN RENEWABLE OUTPUT,DISPATCH_LOG,VALID
CE-00069,NORTH,2025-04-26 08:00:00,2025-04-26 08:00:00,LOW_DEMAND_SURPLUS,DISPATCH DOWN RENEWABLE OUTPUT,DISPATCH_LOG,VALID
CE-00070,NORTH,2025-04-26 10:00:00,2025-04-26 15:00:00,GRID_CONSTRAINT,DISPATCH DOWN RENEWABLE OUTPUT,DISPATCH_LOG,VALID
CE-00071,NORTH,2025-04-27 10:00:00,2025-04-27 13:00:00,GRID_CONSTRAINT,DISPATCH DOWN RENEWABLE OUTPUT,DISPATCH_LOG,VALID
CE-00072,NORTH,2025-04-27 15:00:00,2025-04-27 15:00:00,GRID_CONSTRAINT,DISPATCH DOWN RENEWABLE OUTPUT,DISPATCH_LOG,VALID
CE-00073,NORTH,2025-04-28 11:00:00,2025-04-28 11:00:00,GRID_CONSTRAINT,DISPATCH DOWN RENEWABLE OUTPUT,DISPATCH_LOG,VALID
CE-00074,NORTH,2025-04-28 13:00:00,2025-04-28 14:00:00,GRID_CONSTRAINT,DISPATCH DOWN RENEWABLE OUTPUT,DISPATCH_LOG,VALID
CE-00075,NORTH,2025-04-29 10:00:00,2025-04-29 12:00:00,GRID_CONSTRAINT,DISPATCH DOWN RENEWABLE OUTPUT,DISPATCH_LOG,VALID
CE-00076,NORTH,2025-05-01 13:00:00,2025-05-01 13:00:00,GRID_CONSTRAINT,DISPATCH DOWN RENEWABLE OUTPUT,DISPATCH_LOG,VALID
CE-00077,NORTH,2025-05-02 11:00:00,2025-05-02 13:00:00,GRID_CONSTRAINT,DISPATCH DOWN RENEWABLE OUTPUT,DISPATCH_LOG,VALID
CE-00078,NORTH,2025-05-03 11:00:00,2025-05-03 15:00:00,GRID_CONSTRAINT,DISPATCH DOWN RENEWABLE OUTPUT,DISPATCH_LOG,VALID
CE-00079,NORTH,2025-05-04 08:00:00,2025-05-04 08:00:00,LOW_DEMAND_SURPLUS,DISPATCH DOWN RENEWABLE OUTPUT,DISPATCH_LOG,VALID
CE-00080,NORTH,2025-05-04 10:00:00,2025-05-04 12:00:00,GRID_CONSTRAINT,DISPATCH DOWN RENEWABLE OUTPUT,DISPATCH_LOG,VALID
CE-00081,NORTH,2025-05-04 14:00:00,2025-05-04 15:00:00,NAN,DISPATCH DOWN RENEWABLE OUTPUT,DISPATCH_LOG,VALID
CE-00082,NORTH,2025-05-05 11:00:00,2025-05-05 15:00:00,GRID_CONSTRAINT,DISPATCH DOWN RENEWABLE OUTPUT,DISPATCH_LOG,VALID
CE-00083,NORTH,2025-05-06 10:00:00,2025-05-06 10:00:00,GRID_CONSTRAINT,DISPATCH DOWN RENEWABLE OUTPUT,DISPATCH_LOG,VALID
CE-00084,NORTH,2025-05-07 11:00:00,2025-05-07 12:00:00,GRID_CONSTRAINT,DISPATCH DOWN RENEWABLE OUTPUT,DISPATCH_LOG,VALID
CE-00085,NORTH,2025-05-08 12:00:00,2025-05-08 14:00:00,GRID_CONSTRAINT,DISPATCH DOWN RENEWABLE OUTPUT,DISPATCH_LOG,VALID
CE-00086,NORTH,2025-05-09 11:00:00,2025-05-09 13:00:00,GRID_CONSTRAINT,DISPATCH DOWN RENEWABLE OUTPUT,DISPATCH_LOG,VALID
CE-00087,NORTH,2025-05-10 08:00:00,2025-05-10 08:00:00,LOW_DEMAND_SURPLUS,DISPATCH DOWN RENEWABLE OUTPUT,DISPATCH_LOG,VALID
CE-00088,NORTH,2025-05-10 10:00:00,2025-05-10 11:00:00,GRID_CONSTRAINT,DISPATCH DOWN RENEWABLE OUTPUT,DISPATCH_LOG,VALID
CE-00089,NORTH,2025-05-10 14:00:00,2025-05-10 16:00:00,GRID_CONSTRAINT,DISPATCH DOWN RENEWABLE OUTPUT,DISPATCH_LOG,VALID
CE-00090,NORTH,2025-05-11 10:00:00,2025-05-11 14:00:00,GRID_CONSTRAINT,DISPATCH DOWN RENEWABLE OUTPUT,DISPATCH_LOG,VALID
CE-00091,NORTH,2025-05-12 12:00:00,2025-05-12 13:00:00,GRID_CONSTRAINT,DISPATCH DOWN RENEWABLE OUTPUT,DISPATCH_LOG,VALID
CE-00092,NORTH,2025-05-14 08:00:00,2025-05-14 08:00:00,LOW_DEMAND_SURPLUS,DISPATCH DOWN RENEWABLE OUTPUT,DISPATCH_LOG,VALID
CE-00093,NORTH,2025-05-14 11:00:00,2025-05-14 12:00:00,GRID_CONSTRAINT,DISPATCH DOWN RENEWABLE OUTPUT,DISPATCH_LOG,VALID
CE-00094,NORTH,2025-05-14 14:00:00,2025-05-14 14:00:00,GRID_CONSTRAINT,DISPATCH DOWN RENEWABLE OUTPUT,DISPATCH_LOG,VALID
CE-00095,NORTH,2025-05-15 12:00:00,2025-05-15 12:00:00,GRID_CONSTRAINT,DISPATCH DOWN RENEWABLE OUTPUT,DISPATCH_LOG,VALID
CE-00096,NORTH,2025-05-16 10:00:00,2025-05-16 10:00:00,GRID_CONSTRAINT,DISPATCH DOWN RENEWABLE OUTPUT,DISPATCH_LOG,VALID
CE-00097,NORTH,2025-05-16 13:00:00,2025-05-16 13:00:00,GRID_CONSTRAINT,DISPATCH DOWN RENEWABLE OUTPUT,DISPATCH_LOG,VALID
CE-00098,NORTH,2025-05-17 01:00:00,2025-05-17 01:00:00,LOW_DEMAND_SURPLUS,DISPATCH DOWN RENEWABLE OUTPUT,DISPATCH_LOG,VALID
CE-00099,NORTH,2025-05-17 10:00:00,2025-05-17 12:00:00,GRID_CONSTRAINT,DISPATCH DOWN RENEWABLE OUTPUT,DISPATCH_LOG,VALID
CE-00100,NORTH,2025-05-17 14:00:00,2025-05-17 15:00:00,GRID_CONSTRAINT,DISPATCH DOWN RENEWABLE OUTPUT,DISPATCH_LOG,VALID
CE-00101,NORTH,2025-05-18 09:00:00,2025-05-18 09:00:00,LOW_DEMAND_SURPLUS,DISPATCH DOWN RENEWABLE OUTPUT,DISPATCH_LOG,VALID
CE-00102,NORTH,2025-05-18 11:00:00,2025-05-18 15:00:00,GRID_CONSTRAINT,DISPATCH DOWN RENEWABLE OUTPUT,DISPATCH_LOG,VALID
CE-00103,NORTH,2025-05-19 11:00:00,2025-05-19 14:00:00,GRID_CONSTRAINT,DISPATCH DOWN RENEWABLE OUTPUT,DISPATCH_LOG,VALID
CE-00104,NORTH,2025-05-20 11:00:00,2025-05-20 12:00:00,GRID_CONSTRAINT,DISPATCH DOWN RENEWABLE OUTPUT,DISPATCH_LOG,VALID
CE-00105,NORTH,2025-05-20 14:00:00,2025-05-20 14:00:00,GRID_CONSTRAINT,DISPATCH DOWN RENEWABLE OUTPUT,DISPATCH_LOG,VALID
CE-00106,NORTH,2025-05-21 14:00:00,2025-05-21 14:00:00,GRID_CONSTRAINT,DISPATCH DOWN RENEWABLE OUTPUT,DISPATCH_LOG,VALID
CE-00107,NORTH,2025-05-22 10:00:00,2025-05-22 11:00:00,GRID_CONSTRAINT,DISPATCH DOWN RENEWABLE OUTPUT,DISPATCH_LOG,VALID
CE-00108,NORTH,2025-05-23 08:00:00,2025-05-23 09:00:00,LOW_DEMAND_SURPLUS,DISPATCH DOWN RENEWABLE OUTPUT,DISPATCH_LOG,VALID
CE-00109,NORTH,2025-05-23 11:00:00,2025-05-23 14:00:00,GRID_CONSTRAINT,DISPATCH DOWN RENEWABLE OUTPUT,DISPATCH_LOG,VALID
CE-00110,NORTH,2025-05-24 02:00:00,2025-05-24 02:00:00,LOW_DEMAND_SURPLUS,DISPATCH DOWN RENEWABLE OUTPUT,DISPATCH_LOG,VALID
CE-00111,NORTH,2025-05-24 10:00:00,2025-05-24 14:00:00,GRID_CONSTRAINT,DISPATCH DOWN RENEWABLE OUTPUT,DISPATCH_LOG,VALID
CE-00112,NORTH,2025-05-25 09:00:00,2025-05-25 10:00:00,LOW_DEMAND_SURPLUS,DISPATCH DOWN RENEWABLE OUTPUT,DISPATCH_LOG,VALID
CE-00113,NORTH,2025-05-25 12:00:00,2025-05-25 15:00:00,GRID_CONSTRAINT,DISPATCH DOWN RENEWABLE OUTPUT,DISPATCH_LOG,VALID
CE-00114,NORTH,2025-05-26 12:00:00,2025-05-26 13:00:00,GRID_CONSTRAINT,DISPATCH DOWN RENEWABLE OUTPUT,DISPATCH_LOG,VALID
CE-00115,NORTH,2025-05-27 12:00:00,2025-05-27 13:00:00,GRID_CONSTRAINT,DISPATCH DOWN RENEWABLE OUTPUT,DISPATCH_LOG,VALID
CE-00116,NORTH,2025-05-28 11:00:00,2025-05-28 11:00:00,GRID_CONSTRAINT,DISPATCH DOWN RENEWABLE OUTPUT,DISPATCH_LOG,VALID
CE-00117,NORTH,2025-05-28 13:00:00,2025-05-28 13:00:00,GRID_CONSTRAINT,DISPATCH DOWN RENEWABLE OUTPUT,DISPATCH_LOG,VALID
CE-00118,NORTH,2025-05-29 11:00:00,2025-05-29 13:00:00,GRID_CONSTRAINT,DISPATCH DOWN RENEWABLE OUTPUT,DISPATCH_LOG,VALID
CE-00119,NORTH,2025-05-30 11:00:00,2025-05-30 11:00:00,GRID_CONSTRAINT,DISPATCH DOWN RENEWABLE OUTPUT,DISPATCH_LOG,VALID
CE-00120,NORTH,2025-05-30 13:00:00,2025-05-30 13:00:00,GRID_CONSTRAINT,DISPATCH DOWN RENEWABLE OUTPUT,DISPATCH_LOG,VALID
CE-00121,NORTH,2025-05-30 15:00:00,2025-05-30 15:00:00,GRID_CONSTRAINT,DISPATCH DOWN RENEWABLE OUTPUT,DISPATCH_LOG,VALID
CE-00122,NORTH,2025-05-31 10:00:00,2025-05-31 10:00:00,GRID_CONSTRAINT,DISPATCH DOWN RENEWABLE OUTPUT,DISPATCH_LOG,VALID
CE-00123,NORTH,2025-05-31 12:00:00,2025-05-31 13:00:00,GRID_CONSTRAINT,DISPATCH DOWN RENEWABLE OUTPUT,DISPATCH_LOG,VALID
CE-00124,NORTH,2025-05-31 15:00:00,2025-05-31 15:00:00,GRID_CONSTRAINT,DISPATCH DOWN RENEWABLE OUTPUT,DISPATCH_LOG,VALID
CE-00125,NORTH,2025-06-01 11:00:00,2025-06-01 15:00:00,GRID_CONSTRAINT,DISPATCH DOWN RENEWABLE OUTPUT,DISPATCH_LOG,VALID
CE-00126,NORTH,2025-06-02 11:00:00,2025-06-02 13:00:00,GRID_CONSTRAINT,DISPATCH DOWN RENEWABLE OUTPUT,DISPATCH_LOG,VALID
CE-00127,NORTH,2025-06-02 15:00:00,2025-06-02 15:00:00,GRID_CONSTRAINT,DISPATCH DOWN RENEWABLE OUTPUT,DISPATCH_LOG,VALID
CE-00128,NORTH,2025-06-03 10:00:00,2025-06-03 11:00:00,GRID_CONSTRAINT,DISPATCH DOWN RENEWABLE OUTPUT,DISPATCH_LOG,VALID
CE-00129,NORTH,2025-06-03 13:00:00,2025-06-03 13:00:00,GRID_CONSTRAINT,DISPATCH DOWN RENEWABLE OUTPUT,DISPATCH_LOG,VALID
CE-00130,NORTH,2025-06-04 11:00:00,2025-06-04 14:00:00,GRID_CONSTRAINT,DISPATCH DOWN RENEWABLE OUTPUT,DISPATCH_LOG,VALID
CE-00131,NORTH,2025-06-05 11:00:00,2025-06-05 12:00:00,GRID_CONSTRAINT,DISPATCH DOWN RENEWABLE OUTPUT,DISPATCH_LOG,VALID
CE-00132,NORTH,2025-06-07 11:00:00,2025-06-07 12:00:00,GRID_CONSTRAINT,DISPATCH DOWN RENEWABLE OUTPUT,DISPATCH_LOG,VALID
CE-00133,NORTH,2025-06-07 14:00:00,2025-06-07 15:00:00,GRID_CONSTRAINT,DISPATCH DOWN RENEWABLE OUTPUT,DISPATCH_LOG,VALID
CE-00134,NORTH,2025-06-08 12:00:00,2025-06-08 12:00:00,GRID_CONSTRAINT,DISPATCH DOWN RENEWABLE OUTPUT,DISPATCH_LOG,VALID
CE-00135,NORTH,2025-06-09 11:00:00,2025-06-09 13:00:00,GRID_CONSTRAINT,DISPATCH DOWN RENEWABLE OUTPUT,DISPATCH_LOG,VALID
CE-00136,NORTH,2025-06-11 13:00:00,2025-06-11 13:00:00,GRID_CONSTRAINT,DISPATCH DOWN RENEWABLE OUTPUT,DISPATCH_LOG,VALID
CE-00137,NORTH,2025-06-12 11:00:00,2025-06-12 13:00:00,GRID_CONSTRAINT,DISPATCH DOWN RENEWABLE OUTPUT,DISPATCH_LOG,VALID
CE-00138,NORTH,2025-06-13 12:00:00,2025-06-13 13:00:00,GRID_CONSTRAINT,DISPATCH DOWN RENEWABLE OUTPUT,DISPATCH_LOG,VALID
CE-00139,NORTH,2025-06-14 10:00:00,2025-06-14 10:00:00,GRID_CONSTRAINT,DISPATCH DOWN RENEWABLE OUTPUT,DISPATCH_LOG,VALID
CE-00140,NORTH,2025-06-14 12:00:00,2025-06-14 15:00:00,GRID_CONSTRAINT,DISPATCH DOWN RENEWABLE OUTPUT,DISPATCH_LOG,VALID
CE-00141,NORTH,2025-06-15 11:00:00,2025-06-15 15:00:00,GRID_CONSTRAINT,DISPATCH DOWN RENEWABLE OUTPUT,DISPATCH_LOG,VALID
CE-00142,NORTH,2025-06-16 10:00:00,2025-06-16 14:00:00,GRID_CONSTRAINT,DISPATCH DOWN RENEWABLE OUTPUT,DISPATCH_LOG,VALID
CE-00143,NORTH,2025-06-17 11:00:00,2025-06-17 13:00:00,GRID_CONSTRAINT,DISPATCH DOWN RENEWABLE OUTPUT,DISPATCH_LOG,VALID
CE-00144,NORTH,2025-06-18 13:00:00,2025-06-18 13:00:00,GRID_CONSTRAINT,DISPATCH DOWN RENEWABLE OUTPUT,DISPATCH_LOG,VALID
CE-00145,NORTH,2025-06-19 11:00:00,2025-06-19 12:00:00,GRID_CONSTRAINT,DISPATCH DOWN RENEWABLE OUTPUT,DISPATCH_LOG,VALID
CE-00146,NORTH,2025-06-20 10:00:00,2025-06-20 11:00:00,GRID_CONSTRAINT,DISPATCH DOWN RENEWABLE OUTPUT,DISPATCH_LOG,VALID
CE-00147,NORTH,2025-06-21 10:00:00,2025-06-21 15:00:00,GRID_CONSTRAINT,DISPATCH DOWN RENEWABLE OUTPUT,DISPATCH_LOG,VALID
CE-00148,NORTH,2025-06-22 10:00:00,2025-06-22 15:00:00,GRID_CONSTRAINT,DISPATCH DOWN RENEWABLE OUTPUT,DISPATCH_LOG,VALID
CE-00149,NORTH,2025-06-23 10:00:00,2025-06-23 10:00:00,GRID_CONSTRAINT,DISPATCH DOWN RENEWABLE OUTPUT,DISPATCH_LOG,VALID
CE-00150,NORTH,2025-06-23 12:00:00,2025-06-23 13:00:00,GRID_CONSTRAINT,DISPATCH DOWN RENEWABLE OUTPUT,DISPATCH_LOG,VALID
CE-00151,NORTH,2025-06-24 12:00:00,2025-06-24 12:00:00,GRID_CONSTRAINT,DISPATCH DOWN RENEWABLE OUTPUT,DISPATCH_LOG,VALID
CE-00152,NORTH,2025-06-25 11:00:00,2025-06-25 12:00:00,GRID_CONSTRAINT,DISPATCH DOWN RENEWABLE OUTPUT,DISPATCH_LOG,VALID
CE-00153,NORTH,2025-06-25 15:00:00,2025-06-25 15:00:00,GRID_CONSTRAINT,DISPATCH DOWN RENEWABLE OUTPUT,DISPATCH_LOG,VALID
CE-00154,NORTH,2025-06-26 10:00:00,2025-06-26 12:00:00,GRID_CONSTRAINT,DISPATCH DOWN RENEWABLE OUTPUT,DISPATCH_LOG,VALID
CE-00155,NORTH,2025-06-26 14:00:00,2025-06-26 15:00:00,GRID_CONSTRAINT,DISPATCH DOWN RENEWABLE OUTPUT,DISPATCH_LOG,VALID
CE-00156,NORTH,2025-06-27 10:00:00,2025-06-27 10:00:00,GRID_CONSTRAINT,DISPATCH DOWN RENEWABLE OUTPUT,DISPATCH_LOG,VALID
CE-00157,NORTH,2025-06-27 12:00:00,2025-06-27 13:00:00,GRID_CONSTRAINT,DISPATCH DOWN RENEWABLE OUTPUT,DISPATCH_LOG,VALID
CE-00158,NORTH,2025-06-27 15:00:00,2025-06-27 15:00:00,GRID_CONSTRAINT,DISPATCH DOWN RENEWABLE OUTPUT,DISPATCH_LOG,VALID
CE-00159,NORTH,2025-06-28 07:00:00,2025-06-28 07:00:00,LOW_DEMAND_SURPLUS,DISPATCH DOWN RENEWABLE OUTPUT,DISPATCH_LOG,VALID
CE-00160,NORTH,2025-06-28 10:00:00,2025-06-28 12:00:00,GRID_CONSTRAINT,DISPATCH DOWN RENEWABLE OUTPUT,DISPATCH_LOG,VALID
CE-00161,NORTH,2025-06-28 17:00:00,2025-06-28 17:00:00,LOW_DEMAND_SURPLUS,DISPATCH DOWN RENEWABLE OUTPUT,DISPATCH_LOG,VALID
CE-00162,NORTH,2025-06-29 10:00:00,2025-06-29 14:00:00,GRID_CONSTRAINT,DISPATCH DOWN RENEWABLE OUTPUT,DISPATCH_LOG,VALID
CE-00163,NORTH,2025-06-30 10:00:00,2025-06-30 14:00:00,GRID_CONSTRAINT,DISPATCH DOWN RENEWABLE OUTPUT,DISPATCH_LOG,VALID
CE-00164,NORTH,2025-07-01 12:00:00,2025-07-01 13:00:00,GRID_CONSTRAINT,DISPATCH DOWN RENEWABLE OUTPUT,DISPATCH_LOG,VALID
CE-00165,NORTH,2025-07-02 11:00:00,2025-07-02 14:00:00,GRID_CONSTRAINT,DISPATCH DOWN RENEWABLE OUTPUT,DISPATCH_LOG,VALID
CE-00166,NORTH,2025-07-03 11:00:00,2025-07-03 13:00:00,GRID_CONSTRAINT,DISPATCH DOWN RENEWABLE OUTPUT,DISPATCH_LOG,VALID
CE-00167,NORTH,2025-07-04 12:00:00,2025-07-04 12:00:00,GRID_CONSTRAINT,DISPATCH DOWN RENEWABLE OUTPUT,DISPATCH_LOG,VALID
CE-00168,NORTH,2025-07-05 10:00:00,2025-07-05 11:00:00,GRID_CONSTRAINT,DISPATCH DOWN RENEWABLE OUTPUT,DISPATCH_LOG,VALID
CE-00169,NORTH,2025-07-05 13:00:00,2025-07-05 15:00:00,GRID_CONSTRAINT,DISPATCH DOWN RENEWABLE OUTPUT,DISPATCH_LOG,VALID
CE-00170,NORTH,2025-07-06 11:00:00,2025-07-06 15:00:00,GRID_CONSTRAINT,DISPATCH DOWN RENEWABLE OUTPUT,DISPATCH_LOG,VALID
CE-00171,NORTH,2025-07-07 11:00:00,2025-07-07 11:00:00,GRID_CONSTRAINT,DISPATCH DOWN RENEWABLE OUTPUT,DISPATCH_LOG,VALID
CE-00172,NORTH,2025-07-07 13:00:00,2025-07-07 13:00:00,GRID_CONSTRAINT,DISPATCH DOWN RENEWABLE OUTPUT,DISPATCH_LOG,VALID
CE-00173,NORTH,2025-07-08 11:00:00,2025-07-08 12:00:00,GRID_CONSTRAINT,DISPATCH DOWN RENEWABLE OUTPUT,DISPATCH_LOG,VALID
CE-00174,NORTH,2025-07-09 11:00:00,2025-07-09 14:00:00,GRID_CONSTRAINT,DISPATCH DOWN RENEWABLE OUTPUT,DISPATCH_LOG,VALID
CE-00175,NORTH,2025-07-10 11:00:00,2025-07-10 15:00:00,GRID_CONSTRAINT,DISPATCH DOWN RENEWABLE OUTPUT,DISPATCH_LOG,VALID
CE-00176,NORTH,2025-07-11 11:00:00,2025-07-11 15:00:00,GRID_CONSTRAINT,DISPATCH DOWN RENEWABLE OUTPUT,DISPATCH_LOG,VALID
CE-00177,NORTH,2025-07-12 10:00:00,2025-07-12 15:00:00,NAN,DISPATCH DOWN RENEWABLE OUTPUT,DISPATCH_LOG,VALID
CE-00178,NORTH,2025-07-13 08:00:00,2025-07-13 08:00:00,LOW_DEMAND_SURPLUS,DISPATCH DOWN RENEWABLE OUTPUT,DISPATCH_LOG,VALID
CE-00179,NORTH,2025-07-13 10:00:00,2025-07-13 14:00:00,GRID_CONSTRAINT,DISPATCH DOWN RENEWABLE OUTPUT,DISPATCH_LOG,VALID
CE-00180,NORTH,2025-07-14 11:00:00,2025-07-14 12:00:00,GRID_CONSTRAINT,DISPATCH DOWN RENEWABLE OUTPUT,DISPATCH_LOG,VALID
CE-00181,NORTH,2025-07-15 11:00:00,2025-07-15 13:00:00,GRID_CONSTRAINT,DISPATCH DOWN RENEWABLE OUTPUT,DISPATCH_LOG,VALID
CE-00182,NORTH,2025-07-16 11:00:00,2025-07-16 13:00:00,GRID_CONSTRAINT,DISPATCH DOWN RENEWABLE OUTPUT,DISPATCH_LOG,VALID
CE-00183,NORTH,2025-07-17 10:00:00,2025-07-17 11:00:00,GRID_CONSTRAINT,DISPATCH DOWN RENEWABLE OUTPUT,DISPATCH_LOG,VALID
CE-00184,NORTH,2025-07-18 11:00:00,2025-07-18 13:00:00,GRID_CONSTRAINT,DISPATCH DOWN RENEWABLE OUTPUT,DISPATCH_LOG,VALID
CE-00185,NORTH,2025-07-18 15:00:00,2025-07-18 15:00:00,GRID_CONSTRAINT,DISPATCH DOWN RENEWABLE OUTPUT,DISPATCH_LOG,VALID
CE-00186,NORTH,2025-07-19 11:00:00,2025-07-19 13:00:00,GRID_CONSTRAINT,DISPATCH DOWN RENEWABLE OUTPUT,DISPATCH_LOG,VALID
CE-00187,NORTH,2025-07-20 10:00:00,2025-07-20 12:00:00,GRID_CONSTRAINT,DISPATCH DOWN RENEWABLE OUTPUT,DISPATCH_LOG,VALID
CE-00188,NORTH,2025-07-20 14:00:00,2025-07-20 14:00:00,GRID_CONSTRAINT,DISPATCH DOWN RENEWABLE OUTPUT,DISPATCH_LOG,VALID
CE-00189,NORTH,2025-07-21 13:00:00,2025-07-21 13:00:00,GRID_CONSTRAINT,DISPATCH DOWN RENEWABLE OUTPUT,DISPATCH_LOG,VALID
CE-00190,NORTH,2025-07-22 13:00:00,2025-07-22 14:00:00,GRID_CONSTRAINT,DISPATCH DOWN RENEWABLE OUTPUT,DISPATCH_LOG,VALID
CE-00191,NORTH,2025-07-23 11:00:00,2025-07-23 15:00:00,GRID_CONSTRAINT,DISPATCH DOWN RENEWABLE OUTPUT,DISPATCH_LOG,VALID
CE-00192,NORTH,2025-07-24 10:00:00,2025-07-24 10:00:00,GRID_CONSTRAINT,DISPATCH DOWN RENEWABLE OUTPUT,DISPATCH_LOG,VALID
CE-00193,NORTH,2025-07-25 10:00:00,2025-07-25 10:00:00,GRID_CONSTRAINT,DISPATCH DOWN RENEWABLE OUTPUT,DISPATCH_LOG,VALID
CE-00194,NORTH,2025-07-25 12:00:00,2025-07-25 13:00:00,GRID_CONSTRAINT,DISPATCH DOWN RENEWABLE OUTPUT,DISPATCH_LOG,VALID
CE-00195,NORTH,2025-07-26 10:00:00,2025-07-26 12:00:00,GRID_CONSTRAINT,DISPATCH DOWN RENEWABLE OUTPUT,DISPATCH_LOG,VALID
CE-00196,NORTH,2025-07-26 14:00:00,2025-07-26 15:00:00,GRID_CONSTRAINT,DISPATCH DOWN RENEWABLE OUTPUT,DISPATCH_LOG,VALID
CE-00197,NORTH,2025-07-27 10:00:00,2025-07-27 15:00:00,GRID_CONSTRAINT,DISPATCH DOWN RENEWABLE OUTPUT,DISPATCH_LOG,VALID
CE-00198,NORTH,2025-07-28 11:00:00,2025-07-28 11:00:00,GRID_CONSTRAINT,DISPATCH DOWN RENEWABLE OUTPUT,DISPATCH_LOG,VALID
CE-00199,NORTH,2025-07-29 11:00:00,2025-07-29 12:00:00,GRID_CONSTRAINT,DISPATCH DOWN RENEWABLE OUTPUT,DISPATCH_LOG,VALID
CE-00200,NORTH,2025-07-30 12:00:00,2025-07-30 12:00:00,GRID_CONSTRAINT,DISPATCH DOWN RENEWABLE OUTPUT,DISPATCH_LOG,VALID
CE-00201,NORTH,2025-07-31 10:00:00,2025-07-31 14:00:00,GRID_CONSTRAINT,DISPATCH DOWN RENEWABLE OUTPUT,DISPATCH_LOG,VALID
CE-00202,NORTH,2025-08-01 11:00:00,2025-08-01 11:00:00,GRID_CONSTRAINT,DISPATCH DOWN RENEWABLE OUTPUT,DISPATCH_LOG,VALID
CE-00203,NORTH,2025-08-01 13:00:00,2025-08-01 13:00:00,GRID_CONSTRAINT,DISPATCH DOWN RENEWABLE OUTPUT,DISPATCH_LOG,VALID
CE-00204,NORTH,2025-08-02 10:00:00,2025-08-02 11:00:00,GRID_CONSTRAINT,DISPATCH DOWN RENEWABLE OUTPUT,DISPATCH_LOG,VALID
CE-00205,NORTH,2025-08-02 13:00:00,2025-08-02 15:00:00,GRID_CONSTRAINT,DISPATCH DOWN RENEWABLE OUTPUT,DISPATCH_LOG,VALID
CE-00206,NORTH,2025-08-03 10:00:00,2025-08-03 10:00:00,GRID_CONSTRAINT,DISPATCH DOWN RENEWABLE OUTPUT,DISPATCH_LOG,VALID
CE-00207,NORTH,2025-08-03 12:00:00,2025-08-03 12:00:00,GRID_CONSTRAINT,DISPATCH DOWN RENEWABLE OUTPUT,DISPATCH_LOG,VALID
CE-00208,NORTH,2025-08-03 14:00:00,2025-08-03 14:00:00,GRID_CONSTRAINT,DISPATCH DOWN RENEWABLE OUTPUT,DISPATCH_LOG,VALID
CE-00209,NORTH,2025-08-04 14:00:00,2025-08-04 14:00:00,GRID_CONSTRAINT,DISPATCH DOWN RENEWABLE OUTPUT,DISPATCH_LOG,VALID
CE-00210,NORTH,2025-08-05 10:00:00,2025-08-05 12:00:00,GRID_CONSTRAINT,DISPATCH DOWN RENEWABLE OUTPUT,DISPATCH_LOG,VALID
CE-00211,NORTH,2025-08-06 11:00:00,2025-08-06 12:00:00,GRID_CONSTRAINT,DISPATCH DOWN RENEWABLE OUTPUT,DISPATCH_LOG,VALID
CE-00212,NORTH,2025-08-06 14:00:00,2025-08-06 15:00:00,GRID_CONSTRAINT,DISPATCH DOWN RENEWABLE OUTPUT,DISPATCH_LOG,VALID
CE-00213,NORTH,2025-08-07 10:00:00,2025-08-07 12:00:00,GRID_CONSTRAINT,DISPATCH DOWN RENEWABLE OUTPUT,DISPATCH_LOG,VALID
CE-00214,NORTH,2025-08-07 14:00:00,2025-08-07 15:00:00,GRID_CONSTRAINT,DISPATCH DOWN RENEWABLE OUTPUT,DISPATCH_LOG,VALID
CE-00215,NORTH,2025-08-08 12:00:00,2025-08-08 12:00:00,GRID_CONSTRAINT,DISPATCH DOWN RENEWABLE OUTPUT,DISPATCH_LOG,VALID
CE-00216,NORTH,2025-08-08 14:00:00,2025-08-08 14:00:00,GRID_CONSTRAINT,DISPATCH DOWN RENEWABLE OUTPUT,DISPATCH_LOG,VALID
CE-00217,NORTH,2025-08-09 11:00:00,2025-08-09 15:00:00,GRID_CONSTRAINT,DISPATCH DOWN RENEWABLE OUTPUT,DISPATCH_LOG,VALID
CE-00218,NORTH,2025-08-10 10:00:00,2025-08-10 15:00:00,GRID_CONSTRAINT,DISPATCH DOWN RENEWABLE OUTPUT,DISPATCH_LOG,VALID
CE-00219,NORTH,2025-08-11 10:00:00,2025-08-11 11:00:00,GRID_CONSTRAINT,DISPATCH DOWN RENEWABLE OUTPUT,DISPATCH_LOG,VALID
CE-00220,NORTH,2025-08-12 10:00:00,2025-08-12 10:00:00,GRID_CONSTRAINT,DISPATCH DOWN RENEWABLE OUTPUT,DISPATCH_LOG,VALID
CE-00221,NORTH,2025-08-12 12:00:00,2025-08-12 13:00:00,GRID_CONSTRAINT,DISPATCH DOWN RENEWABLE OUTPUT,DISPATCH_LOG,VALID
CE-00222,NORTH,2025-08-14 11:00:00,2025-08-14 11:00:00,GRID_CONSTRAINT,DISPATCH DOWN RENEWABLE OUTPUT,DISPATCH_LOG,VALID
CE-00223,NORTH,2025-08-14 13:00:00,2025-08-14 14:00:00,GRID_CONSTRAINT,DISPATCH DOWN RENEWABLE OUTPUT,DISPATCH_LOG,VALID
CE-00224,NORTH,2025-08-16 10:00:00,2025-08-16 15:00:00,GRID_CONSTRAINT,DISPATCH DOWN RENEWABLE OUTPUT,DISPATCH_LOG,VALID
CE-00225,NORTH,2025-08-17 10:00:00,2025-08-17 15:00:00,GRID_CONSTRAINT,DISPATCH DOWN RENEWABLE OUTPUT,DISPATCH_LOG,VALID
CE-00226,NORTH,2025-08-18 12:00:00,2025-08-18 14:00:00,GRID_CONSTRAINT,DISPATCH DOWN RENEWABLE OUTPUT,DISPATCH_LOG,VALID
CE-00227,NORTH,2025-08-19 11:00:00,2025-08-19 11:00:00,GRID_CONSTRAINT,DISPATCH DOWN RENEWABLE OUTPUT,DISPATCH_LOG,VALID
CE-00228,NORTH,2025-08-19 13:00:00,2025-08-19 13:00:00,GRID_CONSTRAINT,DISPATCH DOWN RENEWABLE OUTPUT,DISPATCH_LOG,VALID
CE-00229,NORTH,2025-08-20 12:00:00,2025-08-20 13:00:00,GRID_CONSTRAINT,DISPATCH DOWN RENEWABLE OUTPUT,DISPATCH_LOG,VALID
CE-00230,NORTH,2025-08-21 12:00:00,2025-08-21 14:00:00,GRID_CONSTRAINT,DISPATCH DOWN RENEWABLE OUTPUT,DISPATCH_LOG,VALID
CE-00231,NORTH,2025-08-22 08:00:00,2025-08-22 08:00:00,LOW_DEMAND_SURPLUS,DISPATCH DOWN RENEWABLE OUTPUT,DISPATCH_LOG,VALID
CE-00232,NORTH,2025-08-22 11:00:00,2025-08-22 11:00:00,GRID_CONSTRAINT,DISPATCH DOWN RENEWABLE OUTPUT,DISPATCH_LOG,VALID
CE-00233,NORTH,2025-08-23 10:00:00,2025-08-23 10:00:00,GRID_CONSTRAINT,DISPATCH DOWN RENEWABLE OUTPUT,DISPATCH_LOG,VALID
CE-00234,NORTH,2025-08-23 12:00:00,2025-08-23 13:00:00,GRID_CONSTRAINT,DISPATCH DOWN RENEWABLE OUTPUT,DISPATCH_LOG,VALID
CE-00235,NORTH,2025-08-23 15:00:00,2025-08-23 15:00:00,GRID_CONSTRAINT,DISPATCH DOWN RENEWABLE OUTPUT,DISPATCH_LOG,VALID
CE-00236,NORTH,2025-08-24 10:00:00,2025-08-24 10:00:00,GRID_CONSTRAINT,DISPATCH DOWN RENEWABLE OUTPUT,DISPATCH_LOG,VALID
CE-00237,NORTH,2025-08-24 12:00:00,2025-08-24 15:00:00,GRID_CONSTRAINT,DISPATCH DOWN RENEWABLE OUTPUT,DISPATCH_LOG,VALID
CE-00238,NORTH,2025-08-26 12:00:00,2025-08-26 13:00:00,GRID_CONSTRAINT,DISPATCH DOWN RENEWABLE OUTPUT,DISPATCH_LOG,VALID
CE-00239,NORTH,2025-08-27 11:00:00,2025-08-27 13:00:00,GRID_CONSTRAINT,DISPATCH DOWN RENEWABLE OUTPUT,DISPATCH_LOG,VALID
CE-00240,NORTH,2025-08-29 13:00:00,2025-08-29 14:00:00,GRID_CONSTRAINT,DISPATCH DOWN RENEWABLE OUTPUT,DISPATCH_LOG,VALID
CE-00241,NORTH,2025-08-30 11:00:00,2025-08-30 15:00:00,GRID_CONSTRAINT,DISPATCH DOWN RENEWABLE OUTPUT,DISPATCH_LOG,VALID
CE-00242,NORTH,2025-08-31 10:00:00,2025-08-31 12:00:00,GRID_CONSTRAINT,DISPATCH DOWN RENEWABLE OUTPUT,DISPATCH_LOG,VALID
CE-00243,NORTH,2025-08-31 14:00:00,2025-08-31 15:00:00,GRID_CONSTRAINT,DISPATCH DOWN RENEWABLE OUTPUT,DISPATCH_LOG,VALID
CE-00244,NORTH,2025-09-01 10:00:00,2025-09-01 10:00:00,GRID_CONSTRAINT,DISPATCH DOWN RENEWABLE OUTPUT,DISPATCH_LOG,VALID
CE-00245,NORTH,2025-09-01 12:00:00,2025-09-01 13:00:00,GRID_CONSTRAINT,DISPATCH DOWN RENEWABLE OUTPUT,DISPATCH_LOG,VALID
CE-00246,NORTH,2025-09-01 15:00:00,2025-09-01 15:00:00,GRID_CONSTRAINT,DISPATCH DOWN RENEWABLE OUTPUT,DISPATCH_LOG,VALID
CE-00247,NORTH,2025-09-02 11:00:00,2025-09-02 13:00:00,GRID_CONSTRAINT,DISPATCH DOWN RENEWABLE OUTPUT,DISPATCH_LOG,VALID
CE-00248,NORTH,2025-09-03 10:00:00,2025-09-03 14:00:00,GRID_CONSTRAINT,DISPATCH DOWN RENEWABLE OUTPUT,DISPATCH_LOG,VALID
CE-00249,NORTH,2025-09-05 11:00:00,2025-09-05 11:00:00,GRID_CONSTRAINT,DISPATCH DOWN RENEWABLE OUTPUT,DISPATCH_LOG,VALID
CE-00250,NORTH,2025-09-06 10:00:00,2025-09-06 12:00:00,GRID_CONSTRAINT,DISPATCH DOWN RENEWABLE OUTPUT,DISPATCH_LOG,VALID
CE-00251,NORTH,2025-09-07 10:00:00,2025-09-07 13:00:00,GRID_CONSTRAINT,DISPATCH DOWN RENEWABLE OUTPUT,DISPATCH_LOG,VALID
CE-00252,NORTH,2025-09-07 15:00:00,2025-09-07 15:00:00,GRID_CONSTRAINT,DISPATCH DOWN RENEWABLE OUTPUT,DISPATCH_LOG,VALID
CE-00253,NORTH,2025-09-08 11:00:00,2025-09-08 13:00:00,GRID_CONSTRAINT,DISPATCH DOWN RENEWABLE OUTPUT,DISPATCH_LOG,VALID
CE-00254,NORTH,2025-09-10 11:00:00,2025-09-10 11:00:00,GRID_CONSTRAINT,DISPATCH DOWN RENEWABLE OUTPUT,DISPATCH_LOG,VALID
CE-00255,NORTH,2025-09-10 13:00:00,2025-09-10 13:00:00,GRID_CONSTRAINT,DISPATCH DOWN RENEWABLE OUTPUT,DISPATCH_LOG,VALID
CE-00256,NORTH,2025-09-12 11:00:00,2025-09-12 12:00:00,GRID_CONSTRAINT,DISPATCH DOWN RENEWABLE OUTPUT,DISPATCH_LOG,VALID
CE-00257,NORTH,2025-09-13 08:00:00,2025-09-13 08:00:00,LOW_DEMAND_SURPLUS,DISPATCH DOWN RENEWABLE OUTPUT,DISPATCH_LOG,VALID
CE-00258,NORTH,2025-09-13 10:00:00,2025-09-13 12:00:00,GRID_CONSTRAINT,DISPATCH DOWN RENEWABLE OUTPUT,DISPATCH_LOG,VALID
CE-00259,NORTH,2025-09-13 14:00:00,2025-09-13 15:00:00,GRID_CONSTRAINT,DISPATCH DOWN RENEWABLE OUTPUT,DISPATCH_LOG,VALID
CE-00260,NORTH,2025-09-14 10:00:00,2025-09-14 11:00:00,GRID_CONSTRAINT,DISPATCH DOWN RENEWABLE OUTPUT,DISPATCH_LOG,VALID
CE-00261,NORTH,2025-09-14 13:00:00,2025-09-14 13:00:00,GRID_CONSTRAINT,DISPATCH DOWN RENEWABLE OUTPUT,DISPATCH_LOG,VALID
CE-00262,NORTH,2025-09-14 15:00:00,2025-09-14 15:00:00,GRID_CONSTRAINT,DISPATCH DOWN RENEWABLE OUTPUT,DISPATCH_LOG,VALID
CE-00263,NORTH,2025-09-15 13:00:00,2025-09-15 13:00:00,GRID_CONSTRAINT,DISPATCH DOWN RENEWABLE OUTPUT,DISPATCH_LOG,VALID
CE-00264,NORTH,2025-09-17 11:00:00,2025-09-17 11:00:00,GRID_CONSTRAINT,DISPATCH DOWN RENEWABLE OUTPUT,DISPATCH_LOG,VALID
CE-00265,NORTH,2025-09-17 13:00:00,2025-09-17 13:00:00,GRID_CONSTRAINT,DISPATCH DOWN RENEWABLE OUTPUT,DISPATCH_LOG,VALID
CE-00266,NORTH,2025-09-18 11:00:00,2025-09-18 12:00:00,GRID_CONSTRAINT,DISPATCH DOWN RENEWABLE OUTPUT,DISPATCH_LOG,VALID
CE-00267,NORTH,2025-09-20 11:00:00,2025-09-20 14:00:00,GRID_CONSTRAINT,DISPATCH DOWN RENEWABLE OUTPUT,DISPATCH_LOG,VALID
CE-00268,NORTH,2025-09-21 12:00:00,2025-09-21 14:00:00,GRID_CONSTRAINT,DISPATCH DOWN RENEWABLE OUTPUT,DISPATCH_LOG,VALID
CE-00269,NORTH,2025-09-23 11:00:00,2025-09-23 11:00:00,GRID_CONSTRAINT,DISPATCH DOWN RENEWABLE OUTPUT,DISPATCH_LOG,VALID
CE-00270,NORTH,2025-09-23 13:00:00,2025-09-23 13:00:00,GRID_CONSTRAINT,DISPATCH DOWN RENEWABLE OUTPUT,DISPATCH_LOG,VALID
CE-00271,NORTH,2025-09-24 10:00:00,2025-09-24 10:00:00,GRID_CONSTRAINT,DISPATCH DOWN RENEWABLE OUTPUT,DISPATCH_LOG,VALID
CE-00272,NORTH,2025-09-24 12:00:00,2025-09-24 12:00:00,GRID_CONSTRAINT,DISPATCH DOWN RENEWABLE OUTPUT,DISPATCH_LOG,VALID
CE-00273,NORTH,2025-09-25 12:00:00,2025-09-25 13:00:00,GRID_CONSTRAINT,DISPATCH DOWN RENEWABLE OUTPUT,DISPATCH_LOG,VALID
CE-00274,NORTH,2025-09-26 12:00:00,2025-09-26 14:00:00,GRID_CONSTRAINT,DISPATCH DOWN RENEWABLE OUTPUT,DISPATCH_LOG,VALID
CE-00275,NORTH,2025-09-27 10:00:00,2025-09-27 15:00:00,GRID_CONSTRAINT,DISPATCH DOWN RENEWABLE OUTPUT,DISPATCH_LOG,VALID
CE-00276,NORTH,2025-09-28 10:00:00,2025-09-28 14:00:00,GRID_CONSTRAINT,DISPATCH DOWN RENEWABLE OUTPUT,DISPATCH_LOG,VALID
CE-00277,NORTH,2025-09-29 14:00:00,2025-09-29 14:00:00,GRID_CONSTRAINT,DISPATCH DOWN RENEWABLE OUTPUT,DISPATCH_LOG,VALID
CE-00278,NORTH,2025-10-01 12:00:00,2025-10-01 12:00:00,GRID_CONSTRAINT,DISPATCH DOWN RENEWABLE OUTPUT,DISPATCH_LOG,VALID
CE-00279,NORTH,2025-10-04 13:00:00,2025-10-04 15:00:00,GRID_CONSTRAINT,DISPATCH DOWN RENEWABLE OUTPUT,DISPATCH_LOG,VALID
CE-00280,NORTH,2025-10-05 10:00:00,2025-10-05 10:00:00,GRID_CONSTRAINT,DISPATCH DOWN RENEWABLE OUTPUT,DISPATCH_LOG,VALID
CE-00281,NORTH,2025-10-05 12:00:00,2025-10-05 13:00:00,GRID_CONSTRAINT,DISPATCH DOWN RENEWABLE OUTPUT,DISPATCH_LOG,VALID
CE-00282,NORTH,2025-10-07 12:00:00,2025-10-07 13:00:00,GRID_CONSTRAINT,DISPATCH DOWN RENEWABLE OUTPUT,DISPATCH_LOG,VALID
CE-00283,NORTH,2025-10-11 11:00:00,2025-10-11 12:00:00,STORAGE_CONSTRAINT,DISPATCH DOWN RENEWABLE OUTPUT,DISPATCH_LOG,VALID
CE-00284,NORTH,2025-10-11 14:00:00,2025-10-11 14:00:00,STORAGE_CONSTRAINT,DISPATCH DOWN RENEWABLE OUTPUT,DISPATCH_LOG,VALID
CE-00285,NORTH,2025-10-15 13:00:00,2025-10-15 13:00:00,STORAGE_CONSTRAINT,DISPATCH DOWN RENEWABLE OUTPUT,DISPATCH_LOG,VALID
CE-00286,NORTH,2025-10-17 12:00:00,2025-10-17 12:00:00,STORAGE_CONSTRAINT,DISPATCH DOWN RENEWABLE OUTPUT,DISPATCH_LOG,VALID
CE-00287,NORTH,2025-10-18 11:00:00,2025-10-18 11:00:00,STORAGE_CONSTRAINT,DISPATCH DOWN RENEWABLE OUTPUT,DISPATCH_LOG,VALID
CE-00288,NORTH,2025-10-19 11:00:00,2025-10-19 11:00:00,STORAGE_CONSTRAINT,DISPATCH DOWN RENEWABLE OUTPUT,DISPATCH_LOG,VALID
CE-00289,NORTH,2025-10-26 12:00:00,2025-10-26 13:00:00,STORAGE_CONSTRAINT,DISPATCH DOWN RENEWABLE OUTPUT,DISPATCH_LOG,VALID
CE-00290,NORTH,2025-11-02 11:00:00,2025-11-02 11:00:00,STORAGE_CONSTRAINT,DISPATCH DOWN RENEWABLE OUTPUT,DISPATCH_LOG,VALID
CE-00291,NORTH,2025-11-02 13:00:00,2025-11-02 13:00:00,STORAGE_CONSTRAINT,DISPATCH DOWN RENEWABLE OUTPUT,DISPATCH_LOG,VALID
CE-00292,NORTH,2025-11-08 13:00:00,2025-11-08 13:00:00,STORAGE_CONSTRAINT,DISPATCH DOWN RENEWABLE OUTPUT,DISPATCH_LOG,VALID
CE-00293,NORTH,2025-11-09 12:00:00,2025-11-09 12:00:00,STORAGE_CONSTRAINT,DISPATCH DOWN RENEWABLE OUTPUT,DISPATCH_LOG,VALID
CE-00294,NORTH,2025-11-15 13:00:00,2025-11-15 13:00:00,STORAGE_CONSTRAINT,DISPATCH DOWN RENEWABLE OUTPUT,DISPATCH_LOG,VALID
CE-00295,NORTH,2025-11-16 12:00:00,2025-11-16 12:00:00,STORAGE_CONSTRAINT,DISPATCH DOWN RENEWABLE OUTPUT,DISPATCH_LOG,VALID
CE-00296,NORTH,2025-11-22 13:00:00,2025-11-22 13:00:00,STORAGE_CONSTRAINT,DISPATCH DOWN RENEWABLE OUTPUT,DISPATCH_LOG,VALID
CE-00297,NORTH,2025-11-23 10:00:00,2025-11-23 10:00:00,STORAGE_CONSTRAINT,DISPATCH DOWN RENEWABLE OUTPUT,DISPATCH_LOG,VALID
CE-00298,NORTH,2025-11-29 11:00:00,2025-11-29 11:00:00,STORAGE_CONSTRAINT,DISPATCH DOWN RENEWABLE OUTPUT,DISPATCH_LOG,VALID
CE-00299,NORTH,2025-11-30 12:00:00,2025-11-30 12:00:00,STORAGE_CONSTRAINT,DISPATCH DOWN RENEWABLE OUTPUT,DISPATCH_LOG,VALID
CE-00300,NORTH,2025-12-14 11:00:00,2025-12-14 12:00:00,STORAGE_CONSTRAINT,DISPATCH DOWN RENEWABLE OUTPUT,DISPATCH_LOG,VALID
CE-00301,NORTH,2025-12-20 11:00:00,2025-12-20 11:00:00,STORAGE_CONSTRAINT,DISPATCH DOWN RENEWABLE OUTPUT,DISPATCH_LOG,VALID
CE-00302,NORTH,2025-12-20 13:00:00,2025-12-20 13:00:00,STORAGE_CONSTRAINT,DISPATCH DOWN RENEWABLE OUTPUT,DISPATCH_LOG,VALID
CE-00303,NORTH,2025-12-28 13:00:00,2025-12-28 13:00:00,STORAGE_CONSTRAINT,DISPATCH DOWN RENEWABLE OUTPUT,DISPATCH_LOG,VALID
